_id,precio_venta,area,habitaciones,banos,administracion,parqueaderos,sector,estrato,antiguedad,estado,precio_arriendo,vigilancia,localidad,is_cerca_estacion_tm,is_cerca_parque
66d86c82ceda690e85508bc6,900000000.0,194.0,3,5,895000,2,CERROS DE SUBA,5,MAS DE 20 ANOS,USADO,4900000.0,1,SUBA,1,0
66d86c83ceda690e85508d8d,245000000.0,54.0,3,2,189400,0,ANTONIO NARINO,3,ENTRE 10 Y 20 ANOS,USADO,850000.0,1,ANTONIO NARINO,0,1
66d86c85ceda690e85508f43,1500000000.0,190.0,3,4,1645000,4,CHICO,6,ENTRE 10 Y 20 ANOS,USADO,7500000.0,1,CHAPINERO,0,1
66d86c85ceda690e85508f9a,1750000000.0,220.0,3,5,,4,COUNTRY,5,ENTRE 10 Y 20 ANOS,USADO,5500000.0,1,USAQUEN,0,0
66d86c86ceda690e85509056,2600000000.0,330.0,4,4,1950000,2,COUNTRY,5,ENTRE 10 Y 20 ANOS,USADO,8000000.0,1,USAQUEN,0,0
66d86c86ceda690e85509070,430000000.0,59.1,2,2,606500,1,SANTA BARBARA,4,ENTRE 10 Y 20 ANOS,USADO,3600000.0,0,USAQUEN,0,0
66d86c87ceda690e85509164,2990000000.0,300.0,3,4,2430000,4,CHICO,6,ENTRE 5 Y 10 ANOS,USADO,17000000.0,1,CHAPINERO,0,0
66d86c88ceda690e85509267,1690000000.0,170.0,2,2,1460000,2,CHICO,6,ENTRE 10 Y 20 ANOS,USADO,7500000.0,1,CHAPINERO,0,1
66d86c89ceda690e855093bf,520000000.0,107.0,2,2,560000,2,SANTA BARBARA,6,MAS DE 20 ANOS,USADO,3000000.0,1,USAQUEN,0,0
66d86c89ceda690e855093d8,1100000000.0,147.0,3,4,1000000,2,COUNTRY,6,ENTRE 10 Y 20 ANOS,USADO,5800000.0,0,USAQUEN,0,0
66d86c8aceda690e855093f7,450000000.0,71.0,2,2,494000,2,COUNTRY,5,MAS DE 20 ANOS,USADO,1390000.0,1,USAQUEN,0,0
66d86c8aceda690e85509408,2392000000.0,184.0,2,4,900000,2,CHICO,6,ENTRE 10 Y 20 ANOS,USADO,7000000.0,1,CHAPINERO,1,1
66d86c8bceda690e85509543,1750000000.0,220.0,3,4,,4,COUNTRY,5,ENTRE 10 Y 20 ANOS,USADO,7500000.0,1,USAQUEN,0,0
66d86c8cceda690e85509640,5800000000.0,482.0,4,5,3900000,4,CHICO,6,ENTRE 10 Y 20 ANOS,USADO,23000000.0,1,CHAPINERO,0,1
66d86c8cceda690e85509641,4500000000.0,449.0,4,5,2500000,4,CHICO,6,ENTRE 5 Y 10 ANOS,USADO,25000000.0,1,CHAPINERO,0,0
66d86c8dceda690e85509755,670000000.0,90.0,4,3,210000,1,CHICO,5,ENTRE 10 Y 20 ANOS,USADO,5800000.0,1,CHAPINERO,1,1
66d86c8eceda690e85509762,2300000000.0,250.0,3,5,1500000,4,COUNTRY,6,ENTRE 5 Y 10 ANOS,USADO,12000000.0,1,USAQUEN,0,0
66d86c8eceda690e85509813,1950000000.0,289.0,4,5,1199400,4,CHICO,6,ENTRE 5 Y 10 ANOS,USADO,9150000.0,0,CHAPINERO,1,1
66d86c8fceda690e8550985e,5500000000.0,437.0,4,5,5000000,4,CHICO,6,ENTRE 5 Y 10 ANOS,USADO,20000000.0,1,CHAPINERO,0,0
66d86c8fceda690e85509865,1350000000.0,176.0,2,3,1780000,2,CHICO,6,MAS DE 20 ANOS,USADO,7000000.0,1,CHAPINERO,1,1
66d86c92ceda690e85509a9c,920000000.0,167.0,3,2,1600000,2,CHICO,6,MAS DE 20 ANOS,USADO,1500000.0,1,CHAPINERO,0,0
66d86c92ceda690e85509b12,510000000.0,91.0,3,3,,1,NIZA ALHAMBRA,5,MAS DE 20 ANOS,USADO,2011000.0,1,SUBA,0,0
66d86c93ceda690e85509b7f,799000000.0,137.0,3,4,800000,3,SANTA BARBARA,6,MAS DE 20 ANOS,USADO,5800000.0,0,USAQUEN,0,0
66d86c94ceda690e85509c21,2400000000.0,299.0,4,4,2100000,4,CHAPINERO ALTO,6,MAS DE 20 ANOS,USADO,10000000.0,1,CHAPINERO,0,1
66d86c95ceda690e85509d17,1900000000.0,192.0,3,4,1500000,3,CHICO,6,ENTRE 5 Y 10 ANOS,USADO,10000000.0,1,CHAPINERO,0,1
66d86c95ceda690e85509d27,2070000000.0,195.0,3,4,1810000,2,CHICO,6,ENTRE 5 Y 10 ANOS,USADO,11000000.0,1,CHAPINERO,0,0
66d86c95ceda690e85509d3c,5500000000.0,425.0,5,5,3900000,3,CHICO,6,ENTRE 5 Y 10 ANOS,USADO,26100000.0,0,CHAPINERO,0,0
66d86c97ceda690e85509e61,2300000000.0,196.0,3,5,1178000,3,CHICO,6,ENTRE 0 Y 5 ANOS,USADO,11000000.0,1,CHAPINERO,0,0
66d86c99ceda690e8550a03a,4975000000.0,364.0,5,5,3160000,4,CHICO,6,ENTRE 10 Y 20 ANOS,USADO,20000000.0,1,CHAPINERO,0,1
66d86c99ceda690e8550a03b,5950000000.0,422.0,4,5,2800000,4,CHICO,6,MAS DE 20 ANOS,USADO,15000000.0,1,CHAPINERO,0,0
66d86c9aceda690e8550a03c,1600000000.0,230.0,3,4,1300000,2,CHICO,6,MAS DE 20 ANOS,USADO,8000000.0,0,CHAPINERO,0,0
66d86c9aceda690e8550a03d,1700000000.0,179.0,3,5,1300000,3,CHICO,6,ENTRE 5 Y 10 ANOS,USADO,8000000.0,0,CHAPINERO,0,0
66d86c9aceda690e8550a03f,5500000000.0,456.0,4,5,3400000,3,CHICO,6,MAS DE 20 ANOS,USADO,20000000.0,0,CHAPINERO,0,0
66d86c9aceda690e8550a040,1850000000.0,265.0,3,3,1400000,2,CHICO,6,REMODELADO,USADO,9000000.0,1,CHAPINERO,0,0
66d86c9bceda690e8550a11a,260000000.0,62.0,3,2,,1,ENGATIVA,4,ENTRE 10 Y 20 ANOS,USADO,1400000.0,1,ENGATIVA,0,0
66d86c9bceda690e8550a129,1400000000.0,260.0,4,5,,2,SANTA BARBARA,6,ENTRE 0 Y 5 ANOS,USADO,7500000.0,0,USAQUEN,0,0
66d86c9cceda690e8550a1a9,2400000000.0,198.0,3,5,2000000,3,CHICO,6,ENTRE 0 Y 5 ANOS,USADO,14000000.0,1,CHAPINERO,0,0
66d86c9eceda690e8550a2cc,2200000000.0,213.0,3,5,2324000,4,SANTA BARBARA,6,ENTRE 10 Y 20 ANOS,USADO,2200000000.0,0,USAQUEN,0,0
66d86c9eceda690e8550a2fb,3100000000.0,310.0,3,5,1100000,3,SANTA BARBARA,6,ENTRE 5 Y 10 ANOS,USADO,16000000.0,1,USAQUEN,0,0
66d86c9eceda690e8550a339,620000000.0,90.0,2,2,952000,1,CHICO,5,MAS DE 20 ANOS,USADO,3700000.0,0,CHAPINERO,0,1
66d86c9fceda690e8550a387,7110000000.0,395.0,3,5,2300000,4,CHICO,6,ENTRE 0 Y 5 ANOS,USADO,30000000.0,1,CHAPINERO,0,0
66d86c9fceda690e8550a3d4,590000000.0,136.0,2,4,,2,SANTA BARBARA,6,ENTRE 10 Y 20 ANOS,USADO,6500000.0,0,USAQUEN,0,1
66d86c9fceda690e8550a3d5,960000000.0,138.0,3,4,950000,3,SANTA BARBARA,5,ENTRE 0 Y 5 ANOS,USADO,3950000.0,0,USAQUEN,0,0
66d86ca1ceda690e8550a501,2000000000.0,335.0,3,4,,3,CHICO,6,MAS DE 20 ANOS,USADO,11000000.0,1,CHAPINERO,0,1
66d86ca2ceda690e8550a582,2800000000.0,361.0,2,5,1700000,3,CHICO,6,MAS DE 20 ANOS,USADO,14000000.0,0,CHAPINERO,0,0
66d86ca2ceda690e8550a5c7,2600000000.0,210.0,2,2,2800000,2,COUNTRY,6,ENTRE 10 Y 20 ANOS,USADO,12500000.0,1,USAQUEN,0,0
66d86ca3ceda690e8550a625,1030000000.0,147.0,3,3,488300,4,COLINA Y ALREDEDORES,5,ENTRE 5 Y 10 ANOS,USADO,4000000.0,0,SUBA,0,0
66d86ca4ceda690e8550a679,958000000.0,54.0,1,2,351000,1,CHICO,5,ENTRE 0 Y 5 ANOS,USADO,4500000.0,1,CHAPINERO,1,1
66d86ca4ceda690e8550a67c,2100000000.0,362.0,4,5,3600000,4,SANTA BARBARA,6,MAS DE 20 ANOS,USADO,8000000.0,1,USAQUEN,0,0
66d86ca4ceda690e8550a6a9,11000000000.0,600.0,5,5,,4,CHICO,6,ENTRE 0 Y 5 ANOS,USADO,35000000.0,0,CHAPINERO,0,1
66d86ca4ceda690e8550a6f2,2280000000.0,253.71,4,4,1500000,3,CHICO,6,MAS DE 20 ANOS,USADO,10000000.0,0,CHAPINERO,0,0
66d86ca5ceda690e8550a70e,2128000000.0,152.0,3,3,1500000,2,SANTA BARBARA,6,ENTRE 0 Y 5 ANOS,USADO,10000000.0,0,USAQUEN,0,0
66d86ca7ceda690e8550a82e,4500000000.0,374.0,4,5,2200000,4,SANTA BARBARA,6,MAS DE 20 ANOS,USADO,18000000.0,1,USAQUEN,0,0
66d86ca7ceda690e8550a874,2000000000.0,180.0,2,4,950000,2,CHICO,6,ENTRE 0 Y 5 ANOS,USADO,15000000.0,1,CHAPINERO,0,0
66d86ca7ceda690e8550a877,1500000000.0,224.0,3,4,1360000,3,CHICO,6,MAS DE 20 ANOS,USADO,5540000.0,1,CHAPINERO,0,0
66d86ca7ceda690e8550a890,1800000000.0,160.0,3,3,1360000,4,CHICO,6,ENTRE 5 Y 10 ANOS,USADO,8000000.0,0,CHAPINERO,0,0
66d86ca7ceda690e8550a892,3000000000.0,243.0,3,4,1974000,4,CHICO,6,ENTRE 5 Y 10 ANOS,USADO,14000000.0,0,CHAPINERO,0,0
66d86ca8ceda690e8550a8ea,1400000000.0,152.0,3,4,1500000,2,CHICO,6,ENTRE 10 Y 20 ANOS,USADO,8000000.0,1,CHAPINERO,0,1
66d86ca8ceda690e8550a91f,3000000000.0,292.0,3,3,1650000,0,SANTA BARBARA,5,ENTRE 0 Y 5 ANOS,USADO,3000000.0,0,USAQUEN,0,1
66d86ca9ceda690e8550a958,2200000000.0,235.0,3,4,950000,1,CHICO,6,MAS DE 20 ANOS,USADO,13000000.0,1,CHAPINERO,1,1
66d86caaceda690e8550a9e5,4100000000.0,300.0,3,4,1316000,4,CHICO,6,ENTRE 0 Y 5 ANOS,USADO,17000000.0,1,CHAPINERO,0,1
66d86caaceda690e8550aa15,1850000000.0,206.0,3,4,1100000,2,SANTA BARBARA,6,ENTRE 10 Y 20 ANOS,USADO,8000000.0,1,USAQUEN,0,0
66d86cabceda690e8550aa91,3150000000.0,290.0,3,5,2200000,4,CHICO,6,REMODELADO,USADO,15500000.0,1,CHAPINERO,0,0
66d86cabceda690e8550aa94,2700000000.0,245.0,3,5,1550000,3,CHICO,6,ENTRE 5 Y 10 ANOS,USADO,14000000.0,1,CHAPINERO,0,1
66d86cabceda690e8550aa99,2500000000.0,263.0,3,5,1300000,3,CHICO,6,ENTRE 5 Y 10 ANOS,USADO,15000000.0,1,CHAPINERO,1,1
66d86cabceda690e8550aaa4,5800000000.0,477.0,4,5,4200000,4,CHICO,6,ENTRE 10 Y 20 ANOS,USADO,25000000.0,1,CHAPINERO,0,1
66d86cabceda690e8550aaa6,2800000000.0,260.0,3,5,1600000,3,CHICO,6,ENTRE 5 Y 10 ANOS,USADO,12000000.0,1,CHAPINERO,0,1
66d86cadceda690e8550abc6,4500000000.0,400.0,4,5,2400000,4,COUNTRY,6,ENTRE 10 Y 20 ANOS,USADO,20600000.0,1,USAQUEN,0,0
66d86caeceda690e8550ac5f,1650000000.0,165.0,3,4,1100000,3,CHAPINERO ALTO,4,ENTRE 5 Y 10 ANOS,USADO,8000000000.0,1,CHAPINERO,0,1
66d86cafceda690e8550aca4,1550000000.0,230.0,3,5,890000,2,CHICO,6,,USADO,12000000.0,0,CHAPINERO,0,0
66d86cafceda690e8550acdb,570000000.0,58.0,1,2,,1,CHICO,6,ENTRE 0 Y 5 ANOS,USADO,3600000.0,0,CHAPINERO,1,1
66d86cb2ceda690e8550ae51,1700000000.0,180.0,4,4,1000000,3,SANTA BARBARA,5,ENTRE 10 Y 20 ANOS,USADO,11500000.0,0,USAQUEN,0,0
66d86cb3ceda690e8550ae9c,1350000000.0,156.0,3,5,1300000,2,SANTA BARBARA,5,ENTRE 5 Y 10 ANOS,USADO,5500000.0,0,USAQUEN,0,0
66d86cb5ceda690e8550afbd,1600000000.0,182.0,3,5,,2,SANTA BARBARA,6,ENTRE 5 Y 10 ANOS,USADO,9000000.0,0,USAQUEN,0,0
66d86cb6ceda690e8550b01b,3300000000.0,300.0,3,5,1500000,4,CHICO,6,ENTRE 0 Y 5 ANOS,USADO,17000000.0,1,CHAPINERO,0,0
66d86cb7ceda690e8550b089,4200000000.0,253.0,3,5,2000000,4,CHICO,6,ENTRE 0 Y 5 ANOS,USADO,18000000.0,1,CHAPINERO,0,0
66d86cb7ceda690e8550b08c,1100000000.0,109.0,1,2,660000,2,CHICO,6,ENTRE 10 Y 20 ANOS,USADO,5200000.0,0,CHAPINERO,0,0
66d86cb7ceda690e8550b0fe,750000000.0,67.8,1,2,500000,1,SANTA BARBARA,6,ENTRE 0 Y 5 ANOS,USADO,3500000.0,0,USAQUEN,0,0
66d86cb7ceda690e8550b100,4000000000.0,247.0,3,4,,3,CHICO,6,ENTRE 5 Y 10 ANOS,USADO,19600000.0,0,CHAPINERO,0,1
66d86cb8ceda690e8550b140,3046810000.0,235.0,3,4,2500000,3,SANTA BARBARA,6,ENTRE 10 Y 20 ANOS,USADO,16500000.0,0,USAQUEN,0,0
66d86cb8ceda690e8550b170,490000000.0,65.0,2,2,538000,1,SANTA BARBARA,5,ENTRE 5 Y 10 ANOS,USADO,3300000.0,0,USAQUEN,1,0
66d86cbdceda690e8550b386,2500000000.0,255.0,3,5,1200000,3,CHICO,6,ENTRE 10 Y 20 ANOS,USADO,11300000.0,1,CHAPINERO,0,0
66d86cbdceda690e8550b3a8,2850000000.0,309.0,4,5,2500000,4,CHICO,6,ENTRE 5 Y 10 ANOS,USADO,15000000.0,1,CHAPINERO,0,0
66d86cbeceda690e8550b3fa,6000000000.0,500.0,3,5,2000000,4,SANTA BARBARA,6,REMODELADO,USADO,25000000.0,1,USAQUEN,0,0
66d86cbeceda690e8550b407,2250000000.0,210.0,4,5,1000000,4,CHAPINERO ALTO,4,ENTRE 0 Y 5 ANOS,USADO,13000000.0,1,CHAPINERO,0,1
66d86cbeceda690e8550b40b,4100000000.0,300.0,3,5,2000000,4,CHICO,6,ENTRE 5 Y 10 ANOS,USADO,19500000.0,1,CHAPINERO,0,1
66d86cbfceda690e8550b462,3100000000.0,240.0,3,5,1200000,4,CHICO,6,ENTRE 0 Y 5 ANOS,USADO,15000000.0,0,CHAPINERO,0,1
66d86cbfceda690e8550b474,3500000000.0,270.0,3,5,1500000,4,CHICO,6,ENTRE 0 Y 5 ANOS,USADO,17000000.0,1,CHAPINERO,0,1
66d86cbfceda690e8550b47d,1155000000.0,155.0,2,3,,2,CHICO,6,ENTRE 0 Y 5 ANOS,USADO,9500000.0,0,CHAPINERO,1,1
66d86cbfceda690e8550b48d,400000000.0,79.0,2,2,500000,1,NIZA ALHAMBRA,5,MAS DE 20 ANOS,USADO,2000000.0,0,SUBA,0,0
66d86cbfceda690e8550b49a,2950000000.0,287.0,3,5,2000000,3,CHICO,6,ENTRE 10 Y 20 ANOS,USADO,16000000.0,1,CHAPINERO,0,0
66d86cbfceda690e8550b4b5,3750000000.0,0.0,5,5,339000,4,COUNTRY,2,ENTRE 10 Y 20 ANOS,USADO,21000000.0,1,USAQUEN,0,0
66d86cc1ceda690e8550b561,1450000000.0,167.0,3,5,906000,2,CEDRITOS,6,ENTRE 10 Y 20 ANOS,USADO,7000000.0,1,USAQUEN,0,0
66d86cc1ceda690e8550b58c,2900000000.0,250.0,3,5,1500000,3,CHICO,6,REMODELADO,USADO,16000000.0,1,CHAPINERO,0,1
66d86cc1ceda690e8550b599,3250000000.0,504.37,4,5,2500000,4,SANTA BARBARA,6,MAS DE 20 ANOS,USADO,20000000.0,0,USAQUEN,0,0
66d86cc1ceda690e8550b5ae,3500000000.0,350.0,4,5,2000000,4,SANTA BARBARA,6,ENTRE 10 Y 20 ANOS,USADO,18000000000.0,1,USAQUEN,0,0
66d86cc2ceda690e8550b5b0,3000000000.0,354.0,4,5,1400000,4,CHICO,6,ENTRE 10 Y 20 ANOS,USADO,15000000.0,1,CHAPINERO,0,0
66d86cc2ceda690e8550b5b1,2750000000.0,280.0,4,5,2000000,3,CHICO,6,REMODELADO,USADO,12000000.0,1,CHAPINERO,0,1
66d86cc2ceda690e8550b5ec,3500000000.0,359.0,4,5,1800000,2,CHICO,6,REMODELADO,USADO,23000000.0,0,CHAPINERO,0,1
66d86cc2ceda690e8550b5f0,3700000000.0,325.0,4,5,2350000,3,CHICO,6,REMODELADO,USADO,18000000.0,1,CHAPINERO,0,0
66d86cc2ceda690e8550b5f7,2700000000.0,326.0,3,4,2140000,4,CHICO,6,MAS DE 20 ANOS,USADO,12000000.0,1,CHAPINERO,0,1
66d86cc3ceda690e8550b642,1790000000.0,323.0,4,5,1300000,3,COUNTRY,6,ENTRE 10 Y 20 ANOS,USADO,8000000.0,0,USAQUEN,0,0
66d86cc3ceda690e8550b651,1200000000.0,170.0,3,3,,3,CHAPINERO ALTO,4,ENTRE 5 Y 10 ANOS,USADO,6500000.0,1,CHAPINERO,0,1
66d86cc3ceda690e8550b68e,2350000000.0,318.0,4,4,,3,CHICO,6,MAS DE 20 ANOS,USADO,13000000.0,0,CHAPINERO,0,0
66d86cc4ceda690e8550b6b9,1250000000.0,175.0,4,3,1200000,2,COUNTRY,6,MAS DE 20 ANOS,USADO,6800000.0,0,USAQUEN,0,0
66d86cc4ceda690e8550b6d1,1280000000.0,225.0,3,4,850000,3,COUNTRY,6,MAS DE 20 ANOS,USADO,6000000.0,0,USAQUEN,0,0
66d86cc4ceda690e8550b6d3,4360000000.0,348.0,3,5,2450000,3,CHICO,6,ENTRE 0 Y 5 ANOS,USADO,22000000.0,0,CHAPINERO,0,0
66d86cc5ceda690e8550b72d,3100000000.0,326.0,3,3,2000000,4,CHICO,6,REMODELADO,USADO,15000000.0,1,CHAPINERO,0,1
66d86cc5ceda690e8550b731,2400000000.0,374.0,3,5,1680000,3,SANTA BARBARA,6,ENTRE 10 Y 20 ANOS,USADO,10000000.0,0,USAQUEN,0,0
66d86cc5ceda690e8550b734,3970000000.0,250.0,3,4,,3,CHICO,6,REMODELADO,USADO,23600000.0,1,CHAPINERO,0,0
66d86cc5ceda690e8550b769,1200000000.0,153.0,3,5,1000000,2,SANTA BARBARA,6,ENTRE 5 Y 10 ANOS,USADO,5500000.0,1,USAQUEN,1,0
66d86cc6ceda690e8550b773,1900000000.0,180.0,3,5,1200000,3,CHICO,5,ENTRE 0 Y 5 ANOS,USADO,10000000.0,1,CHAPINERO,0,0
66d86cc6ceda690e8550b78b,2650000000.0,244.0,3,5,1550000,3,CHICO,6,ENTRE 5 Y 10 ANOS,USADO,11000000.0,1,CHAPINERO,0,0
66d86cc6ceda690e8550b794,3077000000.0,280.0,3,5,2467000,3,CHICO,6,ENTRE 0 Y 5 ANOS,USADO,15000000.0,1,CHAPINERO,0,0
66d86cc8ceda690e8550b84f,1800000000.0,289.0,3,4,2200000,3,CHICO,6,ENTRE 10 Y 20 ANOS,USADO,8000000.0,1,CHAPINERO,0,0
66d86cc8ceda690e8550b854,1500000000.0,229.0,2,3,1300000,4,CHICO,6,MAS DE 20 ANOS,USADO,6500000.0,1,CHAPINERO,0,1
66d86cc8ceda690e8550b85f,2850000000.0,300.0,4,5,2000000,4,CHICO,6,MAS DE 20 ANOS,USADO,12000000.0,1,CHAPINERO,0,1
66d86cc8ceda690e8550b86c,2600000000.0,330.0,3,5,2356000,2,COUNTRY,6,ENTRE 5 Y 10 ANOS,USADO,12000000.0,0,USAQUEN,0,0
66d86cc8ceda690e8550b899,1400000000.0,181.0,3,4,1000000,3,COUNTRY,5,ENTRE 10 Y 20 ANOS,USADO,7000000.0,1,USAQUEN,0,1
66d86cc8ceda690e8550b89e,3950000000.0,290.0,3,5,1900000,4,CHICO,6,ENTRE 5 Y 10 ANOS,USADO,18000000.0,1,CHAPINERO,0,1
66d86cc9ceda690e8550b8d4,2950000000.0,276.0,3,5,1165000,3,CHICO,6,REMODELADO,USADO,13500000.0,1,CHAPINERO,0,1
66d86cc9ceda690e8550b8e9,1350000000.0,275.0,4,5,,2,COUNTRY,5,ENTRE 10 Y 20 ANOS,USADO,8000000.0,1,USAQUEN,0,0
66d86cc9ceda690e8550b8f9,570000000.0,72.0,1,2,980000,2,SANTA BARBARA,6,ENTRE 5 Y 10 ANOS,USADO,4700000.0,0,USAQUEN,0,0
66d86cc9ceda690e8550b900,4700000000.0,260.0,3,4,2136200,4,CHICO,6,ENTRE 0 Y 5 ANOS,USADO,25000000.0,0,CHAPINERO,0,0
66d86cc9ceda690e8550b91a,2500000000.0,255.0,3,5,1500000,4,COUNTRY,6,ENTRE 0 Y 5 ANOS,USADO,14000000.0,1,USAQUEN,0,1
66d86ccaceda690e8550b92f,1900000000.0,255.0,4,5,1500000,3,COUNTRY,6,ENTRE 10 Y 20 ANOS,USADO,10000000.0,1,USAQUEN,0,0
66d86ccaceda690e8550b95f,2200000000.0,263.0,5,5,1214000,3,SALITRE MODELIA,5,ENTRE 5 Y 10 ANOS,USADO,13800000.0,0,FONTIBON,1,0
66d86ccaceda690e8550b982,2220000000.0,350.0,3,5,1880000,3,COUNTRY,6,ENTRE 0 Y 5 ANOS,USADO,12000000.0,1,USAQUEN,0,0
66d86ccaceda690e8550b98c,1800000000.0,243.0,3,3,1864000,3,CHICO,6,MAS DE 20 ANOS,USADO,12000000.0,0,CHAPINERO,0,0
66d86ccaceda690e8550b990,3300000000.0,272.0,3,5,2500000,4,CHICO,6,ENTRE 5 Y 10 ANOS,USADO,16000000.0,0,CHAPINERO,0,0
66d86ccbceda690e8550b9bb,850000000.0,100.0,3,2,1100000,2,,5,ENTRE 10 Y 20 ANOS,USADO,5500000.0,0,CHAPINERO,1,1
66d86ccbceda690e8550b9f3,1600000000.0,230.0,3,3,,2,CHICO,6,MAS DE 20 ANOS,USADO,9500000.0,0,CHAPINERO,0,1
66d86cccceda690e8550ba17,2650000000.0,300.0,4,5,2149999,4,CHICO,6,MAS DE 20 ANOS,USADO,12000000.0,0,CHAPINERO,0,1
66d86cccceda690e8550ba36,2600000000.0,330.0,3,5,3275000,3,CEDRITOS,6,ENTRE 10 Y 20 ANOS,USADO,12000000.0,0,USAQUEN,0,0
66d86cccceda690e8550ba66,2800000000.0,470.0,4,5,1300000,4,GUAYMARAL,6,ENTRE 5 Y 10 ANOS,USADO,10000000.0,1,SUBA,0,0
66d86ccdceda690e8550ba78,4500000000.0,310.0,4,5,1580000,4,CHICO,6,ENTRE 10 Y 20 ANOS,USADO,22000000.0,1,CHAPINERO,0,0
66d86ccdceda690e8550ba9f,1600000000.0,150.0,3,4,1000000,2,CHICO,6,ENTRE 5 Y 10 ANOS,USADO,7000000.0,1,CHAPINERO,0,0
66d86ccdceda690e8550baa5,1200000000.0,180.0,3,5,970000,2,CEDRITOS,6,ENTRE 5 Y 10 ANOS,USADO,6500000.0,1,USAQUEN,0,0
66d86ccdceda690e8550baa6,1750000000.0,214.0,3,5,1120000,3,CHICO,6,REMODELADO,USADO,7400000.0,1,CHAPINERO,0,0
66d86cceceda690e8550bb04,2300000000.0,330.0,3,5,1200000,3,CHICO,6,ENTRE 5 Y 10 ANOS,USADO,12000000.0,1,CHAPINERO,0,0
66d86cceceda690e8550bb0d,5800000000.0,477.0,4,5,4200000,4,CHICO,6,ENTRE 10 Y 20 ANOS,USADO,35000000.0,1,CHAPINERO,0,0
66d86cceceda690e8550bb11,2200000000.0,220.0,3,5,1000000,4,CHICO,6,ENTRE 5 Y 10 ANOS,USADO,11000000.0,1,CHAPINERO,0,0
66d86cceceda690e8550bb2c,1959000000.0,234.06,3,5,1290000,3,COUNTRY,6,ENTRE 5 Y 10 ANOS,USADO,11000000.0,1,USAQUEN,0,0
66d86cceceda690e8550bb2d,1800000000.0,182.0,2,4,,2,CHICO,6,ENTRE 5 Y 10 ANOS,USADO,9500000.0,1,CHAPINERO,0,0
66d86cceceda690e8550bb30,3000000000.0,340.0,4,5,,4,CHICO,6,ENTRE 5 Y 10 ANOS,USADO,17000000.0,1,CHAPINERO,0,0
66d86cceceda690e8550bb32,3200000000.0,256.0,3,5,2000000,4,CHICO,6,ENTRE 5 Y 10 ANOS,USADO,15000000.0,1,CHAPINERO,0,1
66d86cceceda690e8550bb44,2800000000.0,253.0,3,5,1500000,4,CHICO,6,ENTRE 0 Y 5 ANOS,USADO,12500000.0,1,CHAPINERO,0,0
66d86cceceda690e8550bb45,3900000000.0,268.0,3,5,1500000,3,CHICO,6,ENTRE 0 Y 5 ANOS,USADO,20000000.0,1,CHAPINERO,0,0
66d86ccfceda690e8550bb55,1500000000.0,190.0,3,2,1100000,2,CHICO,6,ENTRE 5 Y 10 ANOS,USADO,6500000.0,1,CHAPINERO,0,0
66d86ccfceda690e8550bb62,2850000000.0,417.0,4,5,1800000,3,COUNTRY,6,MAS DE 20 ANOS,USADO,16000000.0,1,USAQUEN,0,0
66d86ccfceda690e8550bb6c,1950000000.0,248.0,3,5,1000000,3,CHICO,5,REMODELADO,USADO,7000000.0,0,CHAPINERO,0,0
66d86ccfceda690e8550bb8d,2000000000.0,153.0,2,4,700000,3,CHICO,5,ENTRE 0 Y 5 ANOS,USADO,10000000.0,1,CHAPINERO,0,1
66d86ccfceda690e8550bb98,3200000000.0,256.0,3,5,2300000,4,CHICO,6,ENTRE 0 Y 5 ANOS,USADO,15000000.0,1,CHAPINERO,0,1
66d86ccfceda690e8550bba7,250000000.0,64.0,3,2,,1,CEDRITOS,3,MAS DE 20 ANOS,USADO,1650000.0,1,USAQUEN,0,1
66d86cd0ceda690e8550bbc6,2200000000.0,312.0,4,5,1260000000,4,COUNTRY,3,ENTRE 10 Y 20 ANOS,USADO,11000000.0,1,USAQUEN,0,0
66d86cd0ceda690e8550bbe4,4900000000.0,369.0,4,5,2800000,4,CHICO,6,ENTRE 0 Y 5 ANOS,USADO,22000000.0,1,CHAPINERO,0,0
66d86cd2ceda690e8550bc96,1200000000.0,171.21,3,4,923000,2,CHICO,6,MAS DE 20 ANOS,USADO,6200000.0,0,CHAPINERO,0,0
66d86cd2ceda690e8550bcd6,1250000000.0,130.0,3,4,700000,2,CHICO,6,ENTRE 10 Y 20 ANOS,USADO,4300000.0,1,CHAPINERO,0,1
66d86cd2ceda690e8550bcde,2300000000.0,260.0,3,5,1200000,3,COUNTRY,6,ENTRE 10 Y 20 ANOS,USADO,12000000.0,1,USAQUEN,0,0
66d86cd2ceda690e8550bce8,2300000000.0,230.0,3,5,1100000,3,CHICO,6,REMODELADO,USADO,11500000.0,0,CHAPINERO,0,0
66d86cd3ceda690e8550bcff,2400000000.0,259.0,3,4,1928000,3,CHICO,6,ENTRE 10 Y 20 ANOS,USADO,13000000.0,0,CHAPINERO,0,0
66d86cd3ceda690e8550bd34,2220000000.0,487.0,1,4,,2,CERROS DE SUBA,6,ENTRE 10 Y 20 ANOS,USADO,8000000.0,1,SUBA,1,0
66d86cd4ceda690e8550bd9b,2650000000.0,140.0,3,5,1100000,4,CHICO,6,ENTRE 0 Y 5 ANOS,USADO,13000000.0,1,CHAPINERO,0,0
66d86cd4ceda690e8550bda5,1950000000.0,255.0,3,5,950000,3,COUNTRY,6,ENTRE 5 Y 10 ANOS,USADO,10500000.0,1,USAQUEN,0,0
66d86cd5ceda690e8550be1b,3400000000.0,325.0,3,5,2600000,4,CHICO,6,ENTRE 0 Y 5 ANOS,USADO,22600000.0,1,CHAPINERO,0,0
66d86cd6ceda690e8550be7e,1500000000.0,237.0,3,4,1500000,3,CHICO,6,ENTRE 10 Y 20 ANOS,USADO,8000000.0,1,CHAPINERO,0,0
66d86cd7ceda690e8550be93,1800000000.0,220.0,3,4,1150000,2,CEDRITOS,6,ENTRE 10 Y 20 ANOS,USADO,8000000.0,1,USAQUEN,0,0
66d86cd7ceda690e8550bec6,4300000000.0,403.0,3,3,2800000,3,CHICO,6,ENTRE 5 Y 10 ANOS,USADO,15000000.0,0,CHAPINERO,0,0
66d86cd8ceda690e8550bef7,2500000000.0,311.0,4,4,2000000,4,CHICO,6,ENTRE 0 Y 5 ANOS,USADO,15000000.0,1,CHAPINERO,0,0
66d86cd8ceda690e8550bef8,690000000.0,97.0,2,3,,2,SANTA BARBARA,6,ENTRE 0 Y 5 ANOS,USADO,3000000.0,0,USAQUEN,0,0
66d86cdcceda690e8550c0a9,3100000000.0,290.0,3,5,2700000,3,CHICO,6,ENTRE 10 Y 20 ANOS,USADO,14800000.0,1,CHAPINERO,0,1
66d86cddceda690e8550c0f2,3300000000.0,244.0,3,4,1700000,4,CHICO,6,ENTRE 0 Y 5 ANOS,USADO,18000000.0,1,CHAPINERO,0,0
66d86cddceda690e8550c125,2250000000.0,375.0,3,5,1090000,3,CEDRITOS,6,ENTRE 5 Y 10 ANOS,USADO,12000000.0,1,USAQUEN,0,0
66d86cdeceda690e8550c15f,1000000000.0,154.0,3,4,,3,SANTA BARBARA,5,MAS DE 20 ANOS,USADO,7500000.0,0,USAQUEN,0,0
66d86ce1ceda690e8550c290,3400000000.0,273.0,3,4,2200000,3,CHICO,6,ENTRE 10 Y 20 ANOS,USADO,20000000.0,0,CHAPINERO,0,0
66d86ce2ceda690e8550c30d,1500000000.0,160.0,3,4,1500000,3,SANTA BARBARA,6,ENTRE 5 Y 10 ANOS,USADO,7000000.0,1,USAQUEN,0,0
66d86ce4ceda690e8550c3a2,580000000.0,73.0,1,2,620000,2,CHICO,6,ENTRE 10 Y 20 ANOS,USADO,2780000.0,1,CHAPINERO,0,0
66d86ce4ceda690e8550c3a5,4620000000.0,440.0,4,5,,4,CHICO,6,REMODELADO,USADO,25000000.0,0,CHAPINERO,0,0
66d86ce4ceda690e8550c3bd,658000000.0,137.0,3,3,900000,2,SANTA BARBARA,6,ENTRE 10 Y 20 ANOS,USADO,4900000.0,1,USAQUEN,0,0
66d86ce4ceda690e8550c3d7,3411000.0,94.0,2,2,550000,1,COLINA Y ALREDEDORES,5,ENTRE 5 Y 10 ANOS,USADO,3411000.0,0,SUBA,0,0
66d86ce5ceda690e8550c3fc,8983000.0,155.0,2,4,983000,2,CHICO,6,MAS DE 20 ANOS,USADO,8000000.0,1,CHAPINERO,0,0
66d86ce5ceda690e8550c404,13000000.0,340.1,4,5,3323199,3,COUNTRY,6,MAS DE 20 ANOS,USADO,13000000.0,1,USAQUEN,0,0
66d86ce5ceda690e8550c408,13000000.0,297.42,3,4,1424000,4,CEDRITOS,6,MAS DE 20 ANOS,USADO,13000000.0,1,USAQUEN,0,0
66d86ce5ceda690e8550c440,530000000.0,85.0,1,2,,1,CHICO,6,ENTRE 5 Y 10 ANOS,USADO,4200000.0,0,CHAPINERO,0,1
66d86ce6ceda690e8550c46b,1400000000.0,137.0,1,2,1090000,3,SANTA BARBARA,6,ENTRE 0 Y 5 ANOS,USADO,9000000.0,0,USAQUEN,0,0
66d86ce6ceda690e8550c475,1890000000.0,280.0,3,5,600000,2,CHAPINERO ALTO,6,ENTRE 10 Y 20 ANOS,USADO,9400000.0,1,CHAPINERO,0,1
66d86ce7ceda690e8550c4af,1350000000.0,193.0,3,3,,2,CHICO,6,MAS DE 20 ANOS,USADO,7000000.0,1,CHAPINERO,0,1
66d86ce7ceda690e8550c4c0,1300000000.0,140.0,3,3,,2,SANTA BARBARA,6,ENTRE 0 Y 5 ANOS,USADO,8000000.0,0,USAQUEN,0,0
66d86ce7ceda690e8550c4e7,1650000000.0,131.0,3,3,250000,1,CENTRO Y ZONA COLONIAL,4,ENTRE 0 Y 5 ANOS,USADO,5000000.0,1,SANTA FE,1,0
66d86ce8ceda690e8550c51e,8000000.0,316.44,4,5,3043000,4,SANTA BARBARA,6,MAS DE 20 ANOS,USADO,8000000.0,1,USAQUEN,0,0
66d86ce8ceda690e8550c53c,7000000.0,147.98,2,4,1082000,2,CHICO,6,MAS DE 20 ANOS,USADO,7000000.0,1,CHAPINERO,0,0
66d86ce9ceda690e8550c56d,1050000000.0,187.0,3,4,1350000,3,CHICO,6,ENTRE 10 Y 20 ANOS,USADO,5150000.0,1,CHAPINERO,0,0
66d86ceaceda690e8550c5eb,1800000000.0,200.0,3,5,1400000,3,COUNTRY,6,ENTRE 10 Y 20 ANOS,USADO,9000000.0,1,USAQUEN,0,1
66d86ceaceda690e8550c5ff,1900000000.0,212.0,3,4,,2,CHICO,6,ENTRE 10 Y 20 ANOS,USADO,9000000.0,0,CHAPINERO,0,1
66d86ceaceda690e8550c603,1450000000.0,151.0,4,5,1077000,3,SANTA BARBARA,6,ENTRE 10 Y 20 ANOS,USADO,7500000.0,1,USAQUEN,0,0
66d86cecceda690e8550c6d2,1900000000.0,212.0,3,4,,2,CHICO,6,ENTRE 5 Y 10 ANOS,USADO,9000000.0,0,CHAPINERO,0,0
66d86cedceda690e8550c6f3,1290000000.0,150.0,3,3,1000000,3,CHICO,6,ENTRE 5 Y 10 ANOS,USADO,8000000.0,1,CHAPINERO,0,0
66d86cedceda690e8550c708,1400000.0,33.0,2,1,,0,,3,MAS DE 20 ANOS,USADO,1400000.0,0,KENNEDY,0,1
66d86cedceda690e8550c71d,850000000.0,111.0,2,2,897000,2,CHICO,5,ENTRE 5 Y 10 ANOS,USADO,5500000.0,0,CHAPINERO,1,1
66d86cefceda690e8550c78f,850000000.0,115.0,2,3,585000,2,CHICO,6,ENTRE 10 Y 20 ANOS,USADO,4500000.0,0,CHAPINERO,0,1
66d86cefceda690e8550c7c4,895000000.0,140.0,3,3,1187000,1,CHICO,6,MAS DE 20 ANOS,USADO,7000000.0,1,CHAPINERO,0,1
66d86cefceda690e8550c7dc,19800000.0,374.0,4,5,2254000,4,SANTA BARBARA,6,MAS DE 20 ANOS,USADO,19800000.0,1,USAQUEN,0,0
66d86cf1ceda690e8550c84e,1600000000.0,146.46,3,4,1400000,3,CHICO,6,MAS DE 20 ANOS,USADO,9900000.0,0,CHAPINERO,0,1
66d86cf1ceda690e8550c884,1380000000.0,172.0,3,5,1164000,2,CHICO,6,ENTRE 5 Y 10 ANOS,USADO,8000000.0,1,CHAPINERO,1,0
66d86cf1ceda690e8550c898,1200000000.0,129.0,2,3,740000,2,CHICO,6,ENTRE 5 Y 10 ANOS,USADO,6200000.0,0,CHAPINERO,0,0
66d86cf2ceda690e8550c8a3,450000000.0,69.0,3,2,400000,1,CHICO,5,ENTRE 10 Y 20 ANOS,USADO,2350000.0,1,CHAPINERO,0,0
66d86cf2ceda690e8550c8a5,850000000.0,178.0,3,2,800000,2,SANTA BARBARA,6,ENTRE 5 Y 10 ANOS,USADO,5000000.0,0,USAQUEN,0,0
66d86cf2ceda690e8550c8ce,1600000000.0,150.0,3,3,1000000,2,CHICO,6,ENTRE 0 Y 5 ANOS,USADO,8000000.0,1,CHAPINERO,0,1
66d86cf2ceda690e8550c8ec,1190000000.0,152.0,2,3,922000,2,CHICO,6,ENTRE 5 Y 10 ANOS,USADO,4950000.0,0,CHAPINERO,0,1
66d86cf3ceda690e8550c901,2380000000.0,223.0,3,5,1200000,3,CHICO,6,ENTRE 10 Y 20 ANOS,USADO,10800000.0,1,CHAPINERO,0,1
66d86cf3ceda690e8550c910,7300000000.0,320.0,3,5,2400000,4,CHICO,6,ENTRE 0 Y 5 ANOS,USADO,58460000.0,0,CHAPINERO,0,0
66d86cf4ceda690e8550c980,9000000.0,215.0,4,4,1550000,2,CHAPINERO ALTO,6,MAS DE 20 ANOS,USADO,14000000.0,0,CHAPINERO,0,0
66d86cf4ceda690e8550c994,1833000000.0,140.0,2,1,450000,1,CHICO,6,ENTRE 0 Y 5 ANOS,USADO,8550000.0,0,CHAPINERO,0,1
66d86cf4ceda690e8550c9a7,2400000000.0,220.0,3,4,1800000,3,CHICO,6,ENTRE 0 Y 5 ANOS,USADO,10000000.0,0,CHAPINERO,0,1
66d86cf5ceda690e8550c9bf,690000000.0,140.0,3,3,670000,2,CERROS DE SUBA,6,MAS DE 20 ANOS,USADO,3800000.0,0,SUBA,1,0
66d86cf5ceda690e8550c9c2,1500000000.0,200.0,3,4,1000000,2,SANTA BARBARA,6,ENTRE 10 Y 20 ANOS,USADO,7500000.0,1,USAQUEN,1,0
66d86cf5ceda690e8550ca00,1600000000.0,148.0,3,4,1200000,2,CHICO,6,ENTRE 5 Y 10 ANOS,USADO,7300000.0,0,CHAPINERO,0,0
66d86cf6ceda690e8550ca56,1150000000.0,143.37,2,3,1700000,2,SANTA BARBARA,6,ENTRE 10 Y 20 ANOS,USADO,6000000.0,0,USAQUEN,0,0
66d86cf7ceda690e8550ca7f,2400000000.0,340.0,4,5,650000,3,CHICO,6,ENTRE 10 Y 20 ANOS,USADO,12000000.0,1,CHAPINERO,0,0
66d86cf8ceda690e8550cb05,3545000.0,88.63,2,2,758000,2,CHICO,6,ENTRE 0 Y 5 ANOS,USADO,4480000.0,1,CHAPINERO,1,0
66d86cf8ceda690e8550cb07,3545000.0,88.63,2,2,758000,2,CHICO,6,ENTRE 0 Y 5 ANOS,USADO,4480000.0,1,CHAPINERO,1,0
66d86cf8ceda690e8550cb0b,3458000.0,87.0,2,2,722000,2,CHICO,6,ENTRE 0 Y 5 ANOS,USADO,4157000.0,1,CHAPINERO,1,0
66d86cf9ceda690e8550cb0e,3458000.0,86.45,2,2,722000,2,CHICO,6,ENTRE 0 Y 5 ANOS,USADO,4157000.0,1,CHAPINERO,1,0
66d86cf9ceda690e8550cb33,1200000000.0,130.0,2,3,740000,2,CHICO,6,ENTRE 0 Y 5 ANOS,USADO,5500000.0,0,CHAPINERO,0,0
66d86cf9ceda690e8550cb4a,4000000000.0,516.0,3,5,4000000,4,SANTA BARBARA,6,MAS DE 20 ANOS,USADO,20000000.0,1,USAQUEN,0,0
66d86cf9ceda690e8550cb5f,8900000.0,231.0,4,4,1850000,3,CEDRITOS,6,REMODELADO,USADO,9800000.0,1,USAQUEN,0,0
66d86cfaceda690e8550cba5,740000000.0,93.0,1,2,720000,2,CHICO,6,ENTRE 0 Y 5 ANOS,USADO,4200000.0,1,CHAPINERO,0,0
66d86cfaceda690e8550cba6,3458000.0,86.45,2,2,722000,2,CHICO,6,ENTRE 0 Y 5 ANOS,USADO,4157000.0,1,CHAPINERO,1,0
66d86cfaceda690e8550cba8,3545000.0,88.65,2,2,758000,2,CHICO,6,ENTRE 0 Y 5 ANOS,USADO,4480000.0,1,CHAPINERO,1,0
66d86cfaceda690e8550cbae,3458000.0,86.0,2,2,722000,2,CHICO,6,ENTRE 0 Y 5 ANOS,USADO,4157000.0,1,CHAPINERO,1,0
66d86cfaceda690e8550cbb2,3458000.0,86.0,2,2,722000,2,CHICO,6,ENTRE 0 Y 5 ANOS,USADO,4157000.0,1,CHAPINERO,1,0
66d86cfaceda690e8550cbb5,3458000.0,87.0,2,2,722000,2,CHICO,6,ENTRE 0 Y 5 ANOS,USADO,4157000.0,1,CHAPINERO,1,0
66d86cfbceda690e8550cbcb,2300000000.0,253.0,4,5,2400000,3,CHICO,6,ENTRE 10 Y 20 ANOS,USADO,13500000.0,0,CHAPINERO,0,0
66d86cfbceda690e8550cbd4,1280000000.0,172.0,3,5,1100000,2,CHICO,6,ENTRE 5 Y 10 ANOS,USADO,6800000.0,1,CHAPINERO,1,0
66d86cfbceda690e8550cbe6,1250000000.0,200.0,2,2,727900,2,CENTRO INTERNACIONAL,4,ENTRE 10 Y 20 ANOS,USADO,4000000.0,0,SANTA FE,1,1
66d86cfcceda690e8550cc1c,2200000.0,40.0,1,1,,0,CHAPINERO ALTO,4,REMODELADO,USADO,2200000.0,0,CHAPINERO,0,0
66d86cfcceda690e8550cc1d,1700000000.0,226.0,3,4,1000000,2,CHICO,6,ENTRE 10 Y 20 ANOS,USADO,8000000.0,1,CHAPINERO,0,0
66d86cfcceda690e8550cc22,750000000.0,125.0,2,3,,1,CHICO,6,ENTRE 0 Y 5 ANOS,USADO,4500000.0,0,CHAPINERO,0,0
66d86cfcceda690e8550cc3f,500000000.0,68.0,1,2,,2,CHICO,6,ENTRE 0 Y 5 ANOS,USADO,3500000.0,0,CHAPINERO,1,0
66d86cfdceda690e8550ccab,2000000000.0,280.0,5,4,1515000,3,CHAPINERO ALTO,5,ENTRE 10 Y 20 ANOS,USADO,7500000.0,0,CHAPINERO,0,0
66d86cfdceda690e8550ccae,2400000000.0,396.0,4,5,,4,COUNTRY,6,ENTRE 10 Y 20 ANOS,USADO,10000000.0,0,USAQUEN,0,0
66d86cfeceda690e8550ccbe,1850000000.0,192.0,3,3,1200000,3,CHICO,5,ENTRE 0 Y 5 ANOS,USADO,9500000.0,0,CHAPINERO,0,1
66d86cffceda690e8550cd49,205000000.0,57.0,3,2,130000,1,ORQUIDEAS,4,REMODELADO,USADO,1200000.0,1,USAQUEN,0,0
66d86cffceda690e8550cd65,1090000000.0,153.0,3,3,1000000,2,CHICO,6,ENTRE 5 Y 10 ANOS,USADO,5500000.0,1,CHAPINERO,0,0
66d86d00ceda690e8550cdb4,475000000.0,69.0,3,2,400000,1,CHICO,5,ENTRE 10 Y 20 ANOS,USADO,2500000.0,1,CHAPINERO,1,0
66d86d01ceda690e8550cdfe,890000000.0,111.06,3,3,900000,2,SANTA BARBARA,6,ENTRE 10 Y 20 ANOS,USADO,6500000.0,0,USAQUEN,0,0
66d86d02ceda690e8550ce27,130000000.0,1700.0,,,78000,,RAFAEL URIBE URIBE TUNJUELITO,3,ENTRE 0 Y 5 ANOS,USADO,3000000.0,0,TUNJUELITO,1,0
66d86d02ceda690e8550ce32,1900000000.0,320.0,4,3,1200000,3,CHICO,6,ENTRE 10 Y 20 ANOS,USADO,12000000.0,0,CHAPINERO,0,1
66d86d02ceda690e8550ce3a,610000000.0,76.51,2,2,1030000,2,CHICO,6,ENTRE 5 Y 10 ANOS,USADO,3870000.0,0,CHAPINERO,0,0
66d86d02ceda690e8550ce49,1200000000.0,170.0,4,4,1000000,3,CHICO,6,MAS DE 20 ANOS,USADO,7000000.0,1,CHAPINERO,1,1
66d86d02ceda690e8550ce4d,950000000.0,177.0,3,4,1520000,2,SANTA BARBARA,5,MAS DE 20 ANOS,USADO,4700000.0,0,USAQUEN,0,0
66d86d03ceda690e8550cebc,720000000.0,136.0,2,2,,2,CHICO,6,ENTRE 0 Y 5 ANOS,USADO,5500000.0,0,CHAPINERO,0,1
66d86d04ceda690e8550cec2,460000000.0,74.0,3,2,370000,1,FONTIBON TINTAL,4,ENTRE 10 Y 20 ANOS,USADO,2500000.0,0,FONTIBON,0,0
66d86d04ceda690e8550cee8,1280000000.0,130.0,2,2,1000000,2,CHICO,6,ENTRE 5 Y 10 ANOS,USADO,6000000.0,1,CHAPINERO,0,0
66d86d05ceda690e8550cf49,990000000.0,135.0,3,4,,2,CHICO,6,ENTRE 10 Y 20 ANOS,USADO,6000000.0,0,CHAPINERO,0,0
66d86d06ceda690e8550cf78,1250000000.0,220.0,4,4,970000,3,SANTA BARBARA,6,ENTRE 10 Y 20 ANOS,USADO,5000000.0,1,USAQUEN,1,0
66d86d06ceda690e8550cfad,3077000000.0,290.0,3,4,,3,CHICO,6,ENTRE 0 Y 5 ANOS,USADO,14993000.0,0,CHAPINERO,0,1
66d86d07ceda690e8550cfc5,1800000000.0,302.0,3,5,890000,3,COUNTRY,5,ENTRE 10 Y 20 ANOS,USADO,12000000.0,1,USAQUEN,0,0
66d86d07ceda690e8550cfc7,1340000000.0,126.0,2,2,,3,CHICO,6,ENTRE 5 Y 10 ANOS,USADO,5500000.0,0,CHAPINERO,0,0
66d86d07ceda690e8550cfd7,680000000.0,99.5,2,3,677000,2,SANTA BARBARA,5,ENTRE 10 Y 20 ANOS,USADO,5500000.0,0,USAQUEN,0,0
66d86d08ceda690e8550d05d,1500000000.0,138.0,3,4,750000,2,CHICO,6,ENTRE 0 Y 5 ANOS,USADO,8250000.0,1,CHAPINERO,0,0
66d86d08ceda690e8550d063,315000000.0,50.0,1,2,386000,1,NIZA ALHAMBRA,5,ENTRE 5 Y 10 ANOS,USADO,2114000.0,0,SUBA,1,0
66d86d09ceda690e8550d068,1500000000.0,138.0,3,4,750000,2,CHICO,6,ENTRE 0 Y 5 ANOS,USADO,7250000.0,1,CHAPINERO,0,0
66d86d0aceda690e8550d0f0,980000000.0,101.0,2,3,,2,CHICO,6,ENTRE 5 Y 10 ANOS,USADO,5700000.0,0,CHAPINERO,0,0
66d86d0bceda690e8550d10a,990000000.0,111.0,2,4,990000,2,CHICO,6,ENTRE 5 Y 10 ANOS,USADO,5749000.0,0,CHAPINERO,0,1
66d86d0bceda690e8550d11b,4150000.0,164.5,3,2,650000,2,COUNTRY,6,MAS DE 20 ANOS,USADO,4550000.0,0,USAQUEN,0,0
66d86d0bceda690e8550d148,1350000000.0,149.0,3,3,762000,2,CHICO,6,MAS DE 20 ANOS,USADO,6900000.0,0,CHAPINERO,0,1
66d86d0bceda690e8550d149,497000000.0,70.0,1,2,400000,1,CHICO,5,ENTRE 0 Y 5 ANOS,USADO,3700000.0,0,CHAPINERO,1,1
66d86d0cceda690e8550d18f,2700000000.0,320.0,3,3,1500000,3,CHICO,6,ENTRE 10 Y 20 ANOS,USADO,12000000.0,1,CHAPINERO,0,1
66d86d0cceda690e8550d19e,650000000.0,83.3,2,2,700000,2,CHICO,6,ENTRE 5 Y 10 ANOS,USADO,4500000.0,1,CHAPINERO,1,0
66d86d0fceda690e8550d256,500000000.0,93.0,2,3,880000,0,,4,ENTRE 10 Y 20 ANOS,USADO,3000000.0,0,CHAPINERO,0,0
66d86d10ceda690e8550d2a9,450000000.0,50.0,1,1,580000,2,CHICO,6,MAS DE 20 ANOS,USADO,4500000.0,1,CHAPINERO,0,0
66d86d11ceda690e8550d2f9,1100000000.0,176.0,3,5,660000,2,COUNTRY,6,ENTRE 10 Y 20 ANOS,USADO,4900000.0,1,USAQUEN,0,0
66d86d11ceda690e8550d303,1250000000.0,220.0,4,4,,3,SANTA BARBARA,6,ENTRE 10 Y 20 ANOS,USADO,5970000.0,1,USAQUEN,0,0
66d86d11ceda690e8550d304,2300000000.0,250.0,3,4,1350000,3,CHICO,5,REMODELADO,USADO,11500000.0,0,CHAPINERO,0,0
66d86d11ceda690e8550d327,2550000000.0,284.0,3,4,1850000,3,CHICO,6,ENTRE 10 Y 20 ANOS,USADO,9000000.0,1,CHAPINERO,0,0
66d86d11ceda690e8550d32f,220000000.0,30.0,1,1,,0,,3,ENTRE 0 Y 5 ANOS,USADO,1390000.0,0,ENGATIVA,1,0
66d86d11ceda690e8550d337,500000000.0,74.0,2,2,705000,2,COUNTRY,6,MAS DE 20 ANOS,USADO,4200000.0,1,USAQUEN,0,1
66d86d12ceda690e8550d35d,1400000000.0,200.0,3,3,1000000,2,CHICO,6,ENTRE 10 Y 20 ANOS,USADO,9000000.0,1,CHAPINERO,0,0
66d86d12ceda690e8550d363,1000000000.0,196.0,3,4,1100000,3,SANTA BARBARA,6,ENTRE 10 Y 20 ANOS,USADO,6400000.0,1,USAQUEN,1,0
66d86d12ceda690e8550d36f,2200000000.0,263.0,3,3,1300000,3,CHICO,6,ENTRE 5 Y 10 ANOS,USADO,10000000.0,0,CHAPINERO,0,0
66d86d14ceda690e8550d3e7,2300000000.0,130.0,2,3,,2,CHICO,6,ENTRE 0 Y 5 ANOS,USADO,12720000.0,0,CHAPINERO,0,1
66d86d17ceda690e8550d4e7,1090000000.0,143.0,3,3,,3,CHICO,6,MAS DE 20 ANOS,USADO,5435000.0,0,CHAPINERO,0,0
66d86d1eceda690e8550d70b,2800000000.0,297.0,3,4,1300000,3,CHICO,6,ENTRE 5 Y 10 ANOS,USADO,13200000.0,1,CHAPINERO,0,0
66d86d1eceda690e8550d731,2470000000.0,164.0,3,3,1200000,3,CHICO,6,ENTRE 5 Y 10 ANOS,USADO,11000000.0,0,CHAPINERO,0,1
66d86d20ceda690e8550d7a3,1250000000.0,157.0,3,4,1500000,3,CHICO,6,ENTRE 0 Y 5 ANOS,USADO,7000000.0,1,CHAPINERO,1,0
66d86d20ceda690e8550d7dc,1600000000.0,147.0,3,3,850000,2,CHICO,5,ENTRE 5 Y 10 ANOS,USADO,3500000.0,0,CHAPINERO,1,1
66d86d25ceda690e8550d92f,330000000.0,70.0,3,2,215000,2,ORQUIDEAS,4,MAS DE 20 ANOS,USADO,1500000.0,0,USAQUEN,0,1
66d86d25ceda690e8550d957,1250000000.0,160.0,3,4,990000,2,CHICO,6,MAS DE 20 ANOS,USADO,7000000.0,1,CHAPINERO,0,0
66d86d28ceda690e8550da2c,1350000000.0,182.0,3,3,900000,2,CHICO,5,ENTRE 5 Y 10 ANOS,USADO,9000000.0,1,CHAPINERO,1,1
66d86d29ceda690e8550da44,500000000.0,101.47,2,2,857000,2,,4,MAS DE 20 ANOS,USADO,2643000.0,1,USAQUEN,0,0
66d86d29ceda690e8550da80,580000000.0,73.0,1,2,620000,2,CHICO,6,ENTRE 10 Y 20 ANOS,USADO,2780000.0,0,CHAPINERO,0,0
66d86d2aceda690e8550da8f,780000000.0,147.0,3,5,570000,2,SANTA BARBARA,6,ENTRE 5 Y 10 ANOS,USADO,5000000.0,0,USAQUEN,1,0
66d86d2eceda690e8550dbb7,2500000000.0,247.0,3,4,1200000,3,CHICO,6,ENTRE 0 Y 5 ANOS,USADO,14000000.0,1,CHAPINERO,0,0
66d86d30ceda690e8550dc84,170000000.0,43.0,2,1,96000,0,ALTOS DE SUBA Y CERROS DE SAN JORGE,2,ENTRE 10 Y 20 ANOS,USADO,900000.0,1,SUBA,0,1
66d86d32ceda690e8550dd1b,780000000.0,130.0,3,4,530000,2,CHICO,6,ENTRE 10 Y 20 ANOS,USADO,5500000.0,1,CHAPINERO,1,0
66d86d33ceda690e8550dd26,580000000.0,93.0,3,3,900000,2,NIZA ALHAMBRA,5,MAS DE 20 ANOS,USADO,3800000.0,0,SUBA,0,0
66d86d33ceda690e8550dd40,499000000.0,105.0,3,2,454400,2,CEDRITOS,4,MAS DE 20 ANOS,USADO,2300000.0,1,USAQUEN,0,0
66d86d33ceda690e8550dd5e,1600000000.0,210.0,3,4,1200000,2,CHICO,6,,USADO,8000000.0,1,CHAPINERO,0,0
66d86d34ceda690e8550dd71,1600000000.0,128.0,2,2,800000,2,CHICO,6,ENTRE 0 Y 5 ANOS,USADO,9200000.0,1,CHAPINERO,0,0
66d86d34ceda690e8550dd72,800000000.0,164.0,3,5,480000,2,COLINA Y ALREDEDORES,5,ENTRE 10 Y 20 ANOS,USADO,5500000.0,0,SUBA,0,0
66d86d36ceda690e8550de0a,1200000000.0,128.0,3,4,,2,SANTA BARBARA,6,ENTRE 0 Y 5 ANOS,USADO,5500000.0,0,USAQUEN,0,0
66d86d36ceda690e8550de21,6000000000.0,287.0,3,4,2660000,4,CHICO,6,ENTRE 5 Y 10 ANOS,USADO,30000000.0,1,CHAPINERO,0,0
66d86d3aceda690e8550df41,2000000000.0,280.0,3,3,1500000,3,COUNTRY,6,MAS DE 20 ANOS,USADO,8000000.0,0,USAQUEN,0,0
66d86d3eceda690e8550e05d,2450000000.0,350.0,4,5,1230000,3,CHICO,6,ENTRE 10 Y 20 ANOS,USADO,15000000.0,0,CHAPINERO,0,0
66d86d3fceda690e8550e0b9,1350000000.0,130.0,2,3,950000,2,CHICO,6,ENTRE 10 Y 20 ANOS,USADO,5500000.0,1,CHAPINERO,0,0
66d86d42ceda690e8550e169,1400000000.0,170.0,3,4,1500000,3,CHICO,6,ENTRE 5 Y 10 ANOS,USADO,8500000.0,0,CHAPINERO,0,0
66d86d46ceda690e8550e27d,890000000.0,106.0,2,3,1080000,2,CHICO,6,ENTRE 5 Y 10 ANOS,USADO,4500000.0,0,CHAPINERO,0,0
66d86d48ceda690e8550e315,1600000000.0,200.0,3,3,1000000,2,CHICO,6,ENTRE 0 Y 5 ANOS,USADO,9000000.0,1,CHAPINERO,0,1
66d86d48ceda690e8550e328,10500000.0,200.0,3,4,,2,,6,MAS DE 20 ANOS,USADO,10500000.0,0,CHAPINERO,0,1
66d86d49ceda690e8550e382,1700000000.0,207.0,3,5,2000000,3,CHICO,6,ENTRE 10 Y 20 ANOS,USADO,8500000.0,0,CHAPINERO,0,0
66d86d4bceda690e8550e3ff,920000000.0,80.0,2,3,620000,2,CHICO,6,ENTRE 10 Y 20 ANOS,USADO,4100000.0,1,CHAPINERO,0,1
66d86d4cceda690e8550e451,900000000.0,110.0,2,2,500000,2,CHICO,6,ENTRE 0 Y 5 ANOS,USADO,6200000.0,1,CHAPINERO,0,0
66d86d4dceda690e8550e46e,435000000.0,50.0,1,2,480000,1,CHAPINERO ALTO,5,ENTRE 10 Y 20 ANOS,USADO,2100000.0,0,CHAPINERO,1,0
66d86d4eceda690e8550e4ac,3700000000.0,424.0,4,4,,4,SANTA BARBARA,6,ENTRE 0 Y 5 ANOS,USADO,16000000.0,0,USAQUEN,0,0
66d86d4fceda690e8550e4e9,4630000.0,184.0,3,2,670000,2,COUNTRY,6,MAS DE 20 ANOS,USADO,4630000.0,0,USAQUEN,0,0
66d86d4fceda690e8550e519,1100000000.0,98.0,2,3,,2,CHICO,6,ENTRE 0 Y 5 ANOS,USADO,6700000.0,1,CHAPINERO,1,1
66d86d50ceda690e8550e52a,940000000.0,118.0,3,2,800000,2,SANTA BARBARA,6,ENTRE 5 Y 10 ANOS,USADO,5500000.0,0,USAQUEN,0,0
66d86d50ceda690e8550e532,865000000.0,104.0,2,2,585000,2,CHICO,6,REMODELADO,USADO,4800000.0,0,CHAPINERO,0,1
66d86d52ceda690e8550e5c1,2000000000.0,165.0,2,3,1150000,3,SANTA BARBARA,6,REMODELADO,USADO,8000000.0,0,USAQUEN,0,0
66d86d54ceda690e8550e63a,2950000000.0,435.0,4,4,,4,CHICO,6,ENTRE 5 Y 10 ANOS,USADO,12000000.0,0,CHAPINERO,0,1
66d86d54ceda690e8550e65d,1590000000.0,186.0,4,3,900000,2,CHICO,6,REMODELADO,USADO,7900000.0,0,CHAPINERO,0,1
66d86d6bceda690e8550ec4e,730000000.0,107.0,3,2,,2,NIZA ALHAMBRA,5,ENTRE 10 Y 20 ANOS,USADO,2800000.0,1,SUBA,1,0
66d86d6cceda690e8550ec9e,1450000000000.0,148.0,3,4,1449000,2,CHICO,5,ENTRE 5 Y 10 ANOS,USADO,6000000.0,0,CHAPINERO,1,1
66d86d6eceda690e8550ed1e,4000000000.0,400.0,4,4,3000000,3,CHICO,6,ENTRE 10 Y 20 ANOS,USADO,18000000.0,1,CHAPINERO,0,0
66d86d70ceda690e8550ed7d,2200000000.0,330.0,2,4,2400000,2,CHAPINERO ALTO,6,ENTRE 10 Y 20 ANOS,USADO,12000000.0,1,CHAPINERO,0,0
66d86d78ceda690e8550ef71,980000000.0,85.0,2,2,700000,2,CHICO,6,ENTRE 0 Y 5 ANOS,USADO,5300000.0,1,CHAPINERO,0,1
66d86d78ceda690e8550ef95,188000000.0,57.25,3,2,,0,ENGATIVA,3,ENTRE 5 Y 10 ANOS,USADO,1000000.0,1,ENGATIVA,0,0
66d86d79ceda690e8550efb0,440000000.0,50.0,1,1,460000,1,NIZA ALHAMBRA,5,ENTRE 0 Y 5 ANOS,USADO,1850000.0,1,SUBA,1,0
66d86d7aceda690e8550f006,660000000.0,80.0,1,2,962000,2,SANTA BARBARA,6,MAS DE 20 ANOS,USADO,2638000.0,1,USAQUEN,0,0
66d86d7bceda690e8550f04b,910000000.0,135.0,3,3,1240000,2,SANTA BARBARA,5,ENTRE 10 Y 20 ANOS,USADO,3900000.0,0,USAQUEN,0,0
66d86d7cceda690e8550f07c,900000000.0,150.0,2,3,946700,2,COUNTRY,5,ENTRE 10 Y 20 ANOS,USADO,3500000.0,0,USAQUEN,0,0
66d86d7dceda690e8550f0b1,3800000000.0,220.0,3,3,,2,CHICO,6,ENTRE 0 Y 5 ANOS,USADO,18000000.0,0,CHAPINERO,0,1
66d86d81ceda690e8550f1b7,420000000.0,65.38,3,2,336980,1,CENTRO Y ZONA COLONIAL,3,ENTRE 0 Y 5 ANOS,USADO,2000000.0,0,PUENTE ARANDA,0,0
66d86d81ceda690e8550f1ba,520000000.0,63.0,1,2,580000,1,CHICO,6,MAS DE 20 ANOS,USADO,2600000.0,1,CHAPINERO,0,1
66d86d82ceda690e8550f1da,450000000.0,90.0,3,3,330000,1,CEDRITOS,5,ENTRE 5 Y 10 ANOS,USADO,2100000.0,0,USAQUEN,0,0
66d86d82ceda690e8550f1ef,200000000.0,58.0,3,2,,0,,3,MAS DE 20 ANOS,USADO,1100000.0,0,SUBA,0,0
66d86d8cceda690e8550f45d,4200000.0,48.0,1,1,220000,1,CHICO,6,ENTRE 10 Y 20 ANOS,USADO,3900000.0,0,CHAPINERO,0,0
66d86d8fceda690e8550f505,900000000.0,150.0,3,4,,2,SANTA BARBARA,6,MAS DE 20 ANOS,USADO,4850000.0,0,USAQUEN,0,0
66d86d90ceda690e8550f53c,630000000.0,125.0,3,3,850000,2,SANTA BARBARA,6,MAS DE 20 ANOS,USADO,2950000.0,0,USAQUEN,0,0
66d86d91ceda690e8550f55e,2800000.0,46.0,1,1,,1,SANTA BARBARA,5,REMODELADO,USADO,3200000.0,1,USAQUEN,1,0
66d86d91ceda690e8550f562,8000000.0,487.0,4,5,1750000,4,CERROS DE SUBA,6,MAS DE 20 ANOS,USADO,9009000.0,1,SUBA,1,0
66d86d91ceda690e8550f56a,19500000.0,457.0,4,5,2000000,3,SANTA BARBARA,6,MAS DE 20 ANOS,USADO,20000000.0,1,USAQUEN,0,0
66d86d91ceda690e8550f570,9500000.0,204.77,3,4,1413000,3,ALTOS DE SUBA Y CERROS DE SAN JORGE,6,ENTRE 5 Y 10 ANOS,USADO,8500000.0,1,SUBA,0,1
66d86d91ceda690e8550f572,6500000.0,98.0,2,2,,2,COUNTRY,6,MAS DE 20 ANOS,USADO,5500000.0,1,USAQUEN,0,1
66d86d91ceda690e8550f591,3458000.0,87.0,2,2,722000,2,CHICO,6,ENTRE 0 Y 5 ANOS,USADO,4157000.0,1,CHAPINERO,1,0
66d86d92ceda690e8550f59a,3545000.0,89.0,2,2,758000,2,CHICO,6,ENTRE 0 Y 5 ANOS,USADO,4480000.0,1,CHAPINERO,1,0
66d86d92ceda690e8550f59c,3722000.0,89.0,2,2,758000,2,CHICO,6,ENTRE 0 Y 5 ANOS,USADO,4480000.0,1,CHAPINERO,1,0
66d86d92ceda690e8550f59e,3545000.0,89.0,2,2,758000,2,CHICO,6,ENTRE 0 Y 5 ANOS,USADO,4480000.0,1,CHAPINERO,1,0
66d86d92ceda690e8550f59f,3631000.0,87.0,2,2,722000,2,CHICO,6,ENTRE 0 Y 5 ANOS,USADO,4157000.0,1,CHAPINERO,1,0
66d86d92ceda690e8550f5a0,3722000.0,89.0,2,2,758000,2,CHICO,6,ENTRE 0 Y 5 ANOS,USADO,4480000.0,1,CHAPINERO,1,0
66d86d94ceda690e8550f644,560000000.0,119.8,3,2,700000,1,SANTA BARBARA,6,MAS DE 20 ANOS,USADO,2200000.0,1,USAQUEN,0,0
66d86d95ceda690e8550f671,2400000000.0,400.0,5,5,1170000,4,SANTA BARBARA,6,ENTRE 0 Y 5 ANOS,USADO,13500000.0,1,USAQUEN,0,0
66d86d96ceda690e8550f6ae,450000000.0,60.32,1,2,465000,1,SANTA BARBARA,6,ENTRE 5 Y 10 ANOS,USADO,3300000.0,0,USAQUEN,0,0
66d86d97ceda690e8550f6f8,599000000.0,96.0,3,3,,2,SANTA BARBARA,6,MAS DE 20 ANOS,USADO,3800000.0,1,USAQUEN,1,0
66d86da6ceda690e8550fa54,1800000000.0,236.0,3,5,1561000,2,CHICO,6,MAS DE 20 ANOS,USADO,9561000.0,0,CHAPINERO,0,1
66d86daeceda690e8550fc17,185000000.0,47.0,2,1,150000,0,CIUDAD BOLIVAR,2,ENTRE 0 Y 5 ANOS,USADO,1050000.0,0,CIUDAD BOLIVAR,1,0
66d86db0ceda690e8550fc9e,2100000000.0,372.0,3,5,1615000,3,CHICO,6,MAS DE 20 ANOS,USADO,2100000000.0,0,CHAPINERO,0,0
66d86db4ceda690e8550fd79,3500000000.0,330.0,4,5,2560000,3,SANTA BARBARA,6,ENTRE 10 Y 20 ANOS,USADO,15500000.0,1,USAQUEN,0,0
66d86dbaceda690e8550febc,191500000.0,45.0,2,1,,0,ORQUIDEAS,2,ENTRE 10 Y 20 ANOS,USADO,1300000.0,0,USAQUEN,0,0
66d86dc2ceda690e8551008e,750000000.0,120.0,3,3,841000,2,SANTA BARBARA,6,ENTRE 5 Y 10 ANOS,USADO,5900000.0,0,USAQUEN,0,0
66d86dcaceda690e85510241,652000000.0,82.0,2,2,593000,2,CHICO,5,ENTRE 10 Y 20 ANOS,USADO,3900000.0,0,CHAPINERO,1,1
66d86dcbceda690e8551026b,160000000.0,43.0,2,1,96400,0,ALTOS DE SUBA Y CERROS DE SAN JORGE,2,ENTRE 5 Y 10 ANOS,USADO,740000.0,0,SUBA,0,1
66d86dceceda690e85510308,642000000.0,120.0,3,3,430000,2,COUNTRY,5,ENTRE 10 Y 20 ANOS,USADO,2300000.0,1,USAQUEN,1,0
66d86dd5ceda690e85510484,750000000.0,87.0,2,2,700000,2,CHICO,6,ENTRE 5 Y 10 ANOS,USADO,3700000.0,0,CHAPINERO,0,0
66d86dd7ceda690e855104ff,5900000.0,122.0,2,2,1117000,2,CHICO,6,MAS DE 20 ANOS,USADO,5900000.0,0,CHAPINERO,0,0
66d86dd9ceda690e8551054a,950000000.0,112.0,3,3,1179000,2,SANTA BARBARA,5,ENTRE 10 Y 20 ANOS,USADO,5020000.0,0,USAQUEN,0,0
66d86ddcceda690e855105fc,430000000.0,72.0,3,2,440000,1,ENGATIVA,4,ENTRE 5 Y 10 ANOS,USADO,2200000.0,0,ENGATIVA,0,0
66d86decceda690e85510938,700000000.0,100.0,2,2,700000,2,CHICO,5,ENTRE 5 Y 10 ANOS,USADO,4000000.0,1,CHAPINERO,0,0
66d86decceda690e8551093b,1770000000.0,270.0,3,5,1285000,2,CERROS DE SUBA,6,ENTRE 10 Y 20 ANOS,USADO,6500000.0,1,SUBA,0,0
66d86decceda690e8551093f,1200000000.0,170.0,3,3,624676,2,CHICO,5,ENTRE 0 Y 5 ANOS,USADO,6500000.0,1,CHAPINERO,1,1
66d86decceda690e85510945,1200000000.0,143.0,4,4,1100000,2,SANTA BARBARA,6,ENTRE 0 Y 5 ANOS,USADO,6800000.0,1,USAQUEN,0,0
66d86decceda690e8551094d,1600000000.0,300.0,4,5,750000,3,COUNTRY,5,ENTRE 10 Y 20 ANOS,USADO,6000000.0,1,USAQUEN,1,0
66d86defceda690e855109d1,1290000000.0,118.6,3,3,700000,2,SALITRE MODELIA,5,ENTRE 10 Y 20 ANOS,USADO,6000000.0,0,TEUSAQUILLO,0,0
66d86dfcceda690e85510c7f,300000000.0,25.0,1,1,,0,LA SOLEDAD,3,MAS DE 20 ANOS,USADO,1100000.0,0,TEUSAQUILLO,1,0
66d86dfdceda690e85510cc9,1800000.0,62.0,3,2,,1,,4,MAS DE 20 ANOS,USADO,1800000.0,0,SUBA,0,0
66d86e2bceda690e85511565,299000000.0,76.0,3,2,313600,1,ORQUIDEAS,3,REMODELADO,USADO,1400000.0,1,USAQUEN,0,1
66d86e35ceda690e85511757,1700000000.0,157.0,3,3,,2,CHICO,6,ENTRE 10 Y 20 ANOS,USADO,7990000.0,1,CHAPINERO,0,1
66d86e35ceda690e8551176a,190000000.0,51.33,3,1,69000,0,KENNEDY,3,MAS DE 20 ANOS,USADO,950000.0,0,KENNEDY,0,0
66d86e36ceda690e8551177e,280000000.0,75.0,3,2,,1,ENGATIVA,3,ENTRE 10 Y 20 ANOS,USADO,2000000.0,0,ENGATIVA,1,1
66d86e3bceda690e8551186d,165000000.0,43.14,2,1,,0,TIMIZA LA ALQUERIA,2,ENTRE 5 Y 10 ANOS,USADO,850000.0,1,BOSA,0,1
66d86e47ceda690e85511ac3,1600000000.0,185.0,3,4,,2,CHICO,6,MAS DE 20 ANOS,USADO,8000000.0,0,CHAPINERO,0,1
66d86e4eceda690e85511bf4,660000000.0,103.0,2,3,910000,2,CHICO,6,MAS DE 20 ANOS,USADO,4000000.0,1,CHAPINERO,1,1
66d86e5fceda690e85511f03,425000000.0,56.0,1,2,350000,1,SANTA BARBARA,5,ENTRE 5 Y 10 ANOS,USADO,1900000.0,1,USAQUEN,0,0
66d86e67ceda690e85512074,280000000.0,26.0,1,1,250000,0,CHAPINERO ALTO,4,ENTRE 0 Y 5 ANOS,USADO,1570000.0,1,CHAPINERO,1,0
66d86e69ceda690e855120da,360000000.0,96.0,4,2,334000,1,ALTOS DE SUBA Y CERROS DE SAN JORGE,4,ENTRE 10 Y 20 ANOS,USADO,3000000.0,1,SUBA,0,0
66d86e6cceda690e8551214c,2300000000.0,217.0,3,4,1500000,3,CHICO,6,ENTRE 10 Y 20 ANOS,USADO,15000000.0,0,CHAPINERO,0,1
66d86e6cceda690e8551216d,495000000.0,53.17,1,2,250000,1,CENTRO INTERNACIONAL,4,ENTRE 0 Y 5 ANOS,USADO,2200000.0,0,SANTA FE,1,0
66d86e6cceda690e85512170,1790000000.0,231.0,4,4,1850000,3,CEDRITOS,6,REMODELADO,USADO,6300000.0,1,USAQUEN,0,0
66d86e6eceda690e8551219f,210000000.0,50.76,2,2,,0,ALTOS DE SUBA Y CERROS DE SAN JORGE,3,ENTRE 10 Y 20 ANOS,USADO,1150000.0,1,SUBA,0,1
66d86e7aceda690e855123d7,950000000.0,154.0,3,3,850000,2,COUNTRY,6,MAS DE 20 ANOS,USADO,6500000.0,0,USAQUEN,0,1
66d86e7bceda690e855123e8,130000000.0,39.0,2,1,,0,KENNEDY,2,REMODELADO,USADO,780000.0,1,KENNEDY,0,0
66d86e8bceda690e855126b9,3000000.0,76.0,3,2,375000,1,,4,ENTRE 10 Y 20 ANOS,USADO,3000000.0,0,FONTIBON,0,0
66d86e94ceda690e85512832,2000000000.0,204.0,3,5,1350000,3,CHICO,6,ENTRE 5 Y 10 ANOS,USADO,9000000.0,0,CHAPINERO,0,0
66d86ea5ceda690e85512b2a,1790000000.0,88.99,4,5,1850000,3,CEDRITOS,6,MAS DE 20 ANOS,USADO,5000000.0,1,USAQUEN,0,0
66d86ea8ceda690e85512b8d,1500000000.0,220.0,3,4,2300000,2,CHICO,6,MAS DE 20 ANOS,USADO,7600000.0,0,CHAPINERO,0,0
66d86ea9ceda690e85512bce,1250000000.0,306.0,3,3,650000,2,CERROS DE SUBA,6,MAS DE 20 ANOS,USADO,6100000.0,0,SUBA,0,1
66d86eaaceda690e85512be8,350000000.0,49.0,2,2,353000,1,SALITRE MODELIA,4,MAS DE 20 ANOS,USADO,1800000.0,0,FONTIBON,0,1
66d86eafceda690e85512cd6,1515000000.0,134.85,3,4,1080000,3,SANTA BARBARA,5,ENTRE 0 Y 5 ANOS,USADO,9000000.0,0,USAQUEN,0,0
66d86eb0ceda690e85512ce7,750000000.0,88.0,3,2,389200,2,SALITRE MODELIA,4,ENTRE 0 Y 5 ANOS,USADO,2600000.0,0,PUENTE ARANDA,0,0
66d86eb8ceda690e85512e40,979000000.0,120.0,3,3,530000,2,SALITRE MODELIA,5,ENTRE 10 Y 20 ANOS,USADO,3000000.0,1,TEUSAQUILLO,1,0
66d86ebcceda690e85512edd,1500000000.0,178.0,3,3,,2,CERROS DE SUBA,6,ENTRE 10 Y 20 ANOS,USADO,4500000.0,0,SUBA,0,1
66d86ebcceda690e85512ede,1490000000.0,180.0,3,3,940,3,CHICO,6,MAS DE 20 ANOS,USADO,8250000.0,1,CHAPINERO,0,0
